rank,family,advisory_sequential_marginal_bytes,unresolved_dynamic_sites,callers,members,members_without_frozen_intervals
1,helper:0x8c0ca05c,420,2,0x8c099070 0x8c0c9f62,0x8c099070 0x8c0c5c94 0x8c0c9f62 0x8c0ca05c,0x8c0c5c94 0x8c0ca05c
2,root:0x8c035920,124,1,0x8c035920,0x8c035920,
3,helper:0x8c09d5ae,536,6,0x8c0a9040 0x8c0a94d4,0x8c09d5ae 0x8c0a8f8c 0x8c0a9040 0x8c0a94d4,0x8c09d5ae 0x8c0a8f8c
4,root:0x8c05d436,370,5,0x8c05d436,0x8c042efc 0x8c05d436,0x8c042efc
5,root:0x8c0ca8da,404,4,0x8c0ca8da,0x8c0ca838 0x8c0ca894 0x8c0ca8da,0x8c0ca838 0x8c0ca894
6,root:0x8c04c9ae,362,5,0x8c04c9ae,0x8c04b9e4 0x8c04c9ae,0x8c04b9e4
7,root:0x8c06c970,318,4,0x8c06c970,0x8c06c970 0x8c0c15e8,0x8c0c15e8
8,root:0x8c0540b0,276,3,0x8c0540b0,0x8c0540b0 0x8c055074,0x8c055074
9,root:0x8c07f722,312,2,0x8c07f722,0x8c07f722 0x8c07f886 0x8c0c15e8,0x8c07f886 0x8c0c15e8
10,root:0x8c035da6,234,2,0x8c035da6,0x8c035da6 0x8c045ebe,0x8c045ebe
11,helper:0x8c072d0c,388,4,0x8c0733d0 0x8c0737f4,0x8c072d0c 0x8c0733d0 0x8c0737f4 0x8c0c66b8,0x8c0c66b8
12,root:0x8c03757c,270,3,0x8c03757c,0x8c03757c 0x8c042cd4,0x8c042cd4
13,root:0x8c0c76d4,268,3,0x8c0c76d4,0x8c0a28d4 0x8c0c76d4,0x8c0a28d4
14,helper:0x8c04c3c6,342,2,0x8c04be56 0x8c04c024,0x8c04be56 0x8c04c024 0x8c04c3c6 0x8c053450,0x8c04c3c6 0x8c053450
15,root:0x8c03f524,114,1,0x8c03f524,0x8c03f524,
16,root:0x8c0c7562,188,1,0x8c0c7562,0x8c0c66b8 0x8c0c7562,0x8c0c66b8
17,root:0x8c07b784,188,1,0x8c07b784,0x8c07b75a 0x8c07b784,0x8c07b75a
18,root:0x8c0991a2,488,3,0x8c0991a2,0x8c0968f8 0x8c09690a 0x8c0991a2 0x8c0a87fc 0x8c0a8908,0x8c0968f8 0x8c09690a 0x8c0a87fc 0x8c0a8908
19,root:0x8c060fd6,294,4,0x8c060fd6,0x8c060f28 0x8c060fd6,0x8c060f28
20,helper:0x8c035bf2,654,8,0x8c0349ac 0x8c035270 0x8c035306 0x8c035370 0x8c0353de 0x8c035438 0x8c0354a4,0x8c0349ac 0x8c035270 0x8c035306 0x8c035370 0x8c0353de 0x8c035438 0x8c0354a4 0x8c035bf2,0x8c035bf2
21,helper:0x8c04453a,1124,13,0x8c044584 0x8c0445de 0x8c04466a 0x8c0446c4 0x8c04471e 0x8c044794 0x8c0447ee 0x8c04486a 0x8c0448d0 0x8c04492e 0x8c0449a4 0x8c0449fe,0x8c03b110 0x8c03b250 0x8c04453a 0x8c044584 0x8c0445de 0x8c04466a 0x8c0446c4 0x8c04471e 0x8c044794 0x8c0447ee 0x8c04486a 0x8c0448d0 0x8c04492e 0x8c0449a4 0x8c0449fe,0x8c03b110 0x8c04453a
22,helper:0x8c0c1fba,1296,31,0x8c07b6f4 0x8c07e294,0x8c07b6f4 0x8c07e294 0x8c0c1fba,0x8c0c1fba
23,root:0x8c0436de,180,1,0x8c0436de,0x8c043632 0x8c0436de,0x8c043632
24,root:0x8c039b1a,180,1,0x8c039b1a,0x8c038bc0 0x8c039b1a,0x8c038bc0
25,root:0x8c0a283c,108,1,0x8c0a283c,0x8c0a283c,
26,helper:0x8c04fe9e,1002,8,0x8c04f598 0x8c04f632 0x8c04f75e 0x8c04fc96 0x8c050008,0x8c04d448 0x8c04f598 0x8c04f632 0x8c04f75e 0x8c04f98e 0x8c04fafc 0x8c04fc96 0x8c04fd30 0x8c04fe40 0x8c04fe9e 0x8c04ff62 0x8c050008,0x8c04d448 0x8c04f98e 0x8c04fafc 0x8c04fd30 0x8c04fe40 0x8c04fe9e 0x8c04ff62
27,root:0x8c0993e8,250,1,0x8c0993e8,0x8c0993e8 0x8c0a91da 0x8c0c66b8,0x8c0a91da 0x8c0c66b8
28,root:0x8c06c7f2,178,1,0x8c06c7f2,0x8c06c7f2 0x8c06cae6,0x8c06cae6
29,root:0x8c0c8334,638,10,0x8c0c8334,0x8c07ae2c 0x8c0c1836 0x8c0c1f9c 0x8c0c8334,0x8c07ae2c 0x8c0c1836 0x8c0c1f9c
30,root:0x8c010630,354,3,0x8c010630,0x8c010630 0x8c010758 0x8c01098c 0x8c0109c4 0x8c010f3c,0x8c010f3c
31,helper:0x8c034826,1056,13,0x8c034a6e 0x8c034cec,0x8c034800 0x8c034826 0x8c034a6e 0x8c034cec 0x8c03550c 0x8c03558e 0x8c035b1c 0x8c0436c8 0x8c04621c,0x8c034800 0x8c034826 0x8c03550c 0x8c03558e 0x8c035b1c 0x8c0436c8 0x8c04621c
32,helper:0x8c060e50,1066,17,0x8c05f454 0x8c05f5e8 0x8c05f688 0x8c05f768,0x8c05f454 0x8c05f5e8 0x8c05f688 0x8c05f768 0x8c060d1e 0x8c060d78 0x8c060e50 0x8c062e7e 0x8c062e8e,0x8c060d1e 0x8c060d78 0x8c062e7e 0x8c062e8e
33,root:0x8c0a89c2,206,2,0x8c0a89c2,0x8c068c58 0x8c0a89c2,0x8c068c58
34,root:0x8c080e74,480,12,0x8c080e74,0x8c080e74,
35,root:0x8c06cb02,274,2,0x8c06cb02,0x8c06c406 0x8c06cb02 0x8c06cbe4 0x8c0c1208,0x8c0c1208
36,helper:0x8c0542c8,682,11,0x8c052f36 0x8c054650,0x8c04b9e4 0x8c052f36 0x8c054268 0x8c0542c8 0x8c054650,0x8c04b9e4 0x8c054268 0x8c0542c8
37,root:0x8c050492,136,2,0x8c050492,0x8c050492,
38,root:0x8c0503cc,136,2,0x8c0503cc,0x8c0503cc,
39,helper:0x8c0a2b98,500,8,0x8c0a2e8c 0x8c0b22de 0x8c0bf07e 0x8c0c7658,0x8c0a2b98 0x8c0a2e8c 0x8c0b22de 0x8c0bf07e 0x8c0c7658,0x8c0a2b98
40,root:0x8c05e9b8,100,1,0x8c05e9b8,0x8c05e9b8,
41,root:0x8c045dbe,100,0,0x8c045dbe,0x8c045dbe 0x8c045de8,
42,helper:0x8c03cdb0,694,6,0x8c03bbd2 0x8c03bca8 0x8c03cf0a 0x8c03cfaa,0x8c03bbd2 0x8c03bca8 0x8c03cc70 0x8c03cd70 0x8c03cdb0 0x8c03cee0 0x8c03cf0a 0x8c03cfaa 0x8c03d040,0x8c03cc70 0x8c03cd70 0x8c03cdb0 0x8c03cee0 0x8c03d040
43,root:0x8c061682,198,2,0x8c061682,0x8c061682 0x8c062c24,0x8c062c24
44,root:0x8c062d70,98,1,0x8c062d70,0x8c062d70,
45,root:0x8c094896,130,2,0x8c094896,0x8c094896,
46,root:0x8c0c4b96,162,3,0x8c0c4b96,0x8c0c4b96,
47,root:0x8c06ac7a,162,1,0x8c06ac7a,0x8c06ac7a 0x8c0c1208,0x8c0c1208
48,root:0x8c053078,608,11,0x8c053078,0x8c053078 0x8c053db4 0x8c053dd4 0x8c054244,0x8c053db4 0x8c053dd4 0x8c054244
49,root:0x8c05ad06,288,3,0x8c05ad06,0x8c05ad06 0x8c05ae58 0x8c061168,0x8c05ae58 0x8c061168
50,helper:0x8c054908,478,8,0x8c053f48 0x8c05438e,0x8c053f48 0x8c0541ec 0x8c05438e 0x8c054908,0x8c0541ec 0x8c054908
51,root:0x8c05a9ba,438,6,0x8c05a9ba,0x8c059de4 0x8c059ede 0x8c05a9ba 0x8c05c7c6,0x8c059de4 0x8c059ede 0x8c05c7c6
52,root:0x8c010a9e,248,2,0x8c010a9e,0x8c0109f6 0x8c010a10 0x8c010a9e,0x8c0109f6 0x8c010a10
53,root:0x8c0abc08,154,1,0x8c0abc08,0x8c0abc08 0x8c0b1032,0x8c0b1032
54,root:0x8c010406,338,6,0x8c010406,0x8c010406 0x8c0109c4 0x8c0110e6,0x8c0110e6
55,root:0x8c082ba6,184,2,0x8c082ba6,0x8c06ada0 0x8c082ba6,0x8c06ada0
56,root:0x8c09aa14,336,1,0x8c09aa14,0x8c0968f8 0x8c09aa14 0x8c09efce 0x8c0c5c94 0x8c0c66d0,0x8c0968f8 0x8c09efce 0x8c0c5c94 0x8c0c66d0
57,root:0x8c05dc42,366,6,0x8c05dc42,0x8c054530 0x8c054594 0x8c05dc42 0x8c0633e0,0x8c054594
58,root:0x8c04fb3e,122,2,0x8c04fb3e,0x8c04fb3e,
59,root:0x8c08bfa8,152,1,0x8c08bfa8,0x8c08bfa8 0x8c08c32c,0x8c08c32c
60,root:0x8c081fbe,152,3,0x8c081fbe,0x8c081fbe,
61,root:0x8c0a8aca,544,4,0x8c0a8aca,0x8c068c58 0x8c074800 0x8c0a8aca 0x8c0a8d58 0x8c0ae0ec 0x8c0c7e1c 0x8c0cc5e6,0x8c068c58 0x8c074800 0x8c0a8d58 0x8c0ae0ec 0x8c0c7e1c 0x8c0cc5e6
62,root:0x8c098b40,210,3,0x8c098b40,0x8c098b40 0x8c0c66b8,0x8c0c66b8
63,root:0x8c080c90,150,1,0x8c080c90,0x8c080c90 0x8c0c2260,0x8c0c2260
64,root:0x8c0ab8ac,90,1,0x8c0ab8ac,0x8c0ab8ac,
65,root:0x8c08084e,178,2,0x8c08084e,0x8c08084e 0x8c0c1208,0x8c0c1208
66,root:0x8c05daa8,118,2,0x8c05daa8,0x8c05daa8,
67,root:0x8c07f894,704,18,0x8c07f894,0x8c042fa0 0x8c07f894 0x8c0c66b8,0x8c042fa0 0x8c0c66b8
68,root:0x8c06b878,1114,23,0x8c06b878,0x8c042cd4 0x8c06b878 0x8c06bd08 0x8c06bda0 0x8c06bdce 0x8c06be34 0x8c06be60 0x8c0c66d0,0x8c042cd4 0x8c06bd08 0x8c06bda0 0x8c06bdce 0x8c06be60 0x8c0c66d0
69,root:0x8c06ddbc,146,1,0x8c06ddbc,0x8c06ddbc 0x8c0c1208,0x8c0c1208
70,helper:0x8c0c66cc,1280,27,0x8c06b008 0x8c06b2e2 0x8c06b472 0x8c084066 0x8c0841ee,0x8c06b008 0x8c06b2e2 0x8c06b472 0x8c083d66 0x8c084066 0x8c0841ee 0x8c0c11f4 0x8c0c1208 0x8c0c66c8 0x8c0c66cc 0x8c0f49c8,0x8c083d66 0x8c0c11f4 0x8c0c1208 0x8c0c66c8 0x8c0c66cc 0x8c0f49c8
71,root:0x8c03acf2,142,1,0x8c03acf2,0x8c03acf2 0x8c042efc,0x8c042efc
72,root:0x8c05f36e,84,1,0x8c05f36e,0x8c05f36e,
73,root:0x8c035026,84,1,0x8c035026,0x8c035026,
74,root:0x8c0c2d10,222,2,0x8c0c2d10,0x8c038fe0 0x8c0c2d10 0x8c0c2e32,0x8c038fe0 0x8c0c2e32
75,root:0x8c05ec90,82,1,0x8c05ec90,0x8c05ec90,
76,root:0x8c04fdee,82,1,0x8c04fdee,0x8c04fdee,
77,root:0x8c089502,136,3,0x8c089502,0x8c089502,
78,root:0x8c036e80,136,1,0x8c036e80,0x8c036e80 0x8c036f20,0x8c036f20
79,root:0x8c03f6a2,190,1,0x8c03f6a2,0x8c03f6a2 0x8c03fda0 0x8c05ece2,0x8c03fda0 0x8c05ece2
80,root:0x8c07cf50,622,16,0x8c07cf50,0x8c07b6f4 0x8c07cf10 0x8c07cf50 0x8c0c1fba,0x8c07cf10 0x8c0c1fba
81,root:0x8c0b1e0a,108,2,0x8c0b1e0a,0x8c0b1e0a,
82,root:0x8c04d020,888,23,0x8c04d020,0x8c04c010 0x8c04d020 0x8c04f620 0x8c04fe40 0x8c050164,0x8c04c010 0x8c04f620 0x8c04fe40 0x8c050164
83,root:0x8c045d5a,80,0,0x8c045d5a,0x8c045d5a 0x8c045d84,
84,helper:0x8c09af6c,1302,29,0x8c09b2a4 0x8c09b6e4 0x8c09b982 0x8c09ce96 0x8c09cfb6,0x8c0371f8 0x8c037240 0x8c095724 0x8c09af6c 0x8c09b2a4 0x8c09b6e4 0x8c09b982 0x8c09ce96 0x8c09cfb6 0x8c0a22c4 0x8c0a2386 0x8c0c66b8,0x8c0371f8 0x8c037240 0x8c095724 0x8c09af6c 0x8c0a22c4 0x8c0a2386 0x8c0c66b8
85,root:0x8c0c8e7c,186,1,0x8c0c8e7c,0x8c020024 0x8c0c1208 0x8c0c8e7c,0x8c020024 0x8c0c1208
86,root:0x8c0a13e8,238,4,0x8c0a13e8,0x8c03b110 0x8c03b250 0x8c0a13e8,0x8c03b110
87,root:0x8c04f540,132,0,0x8c04f540,0x8c04f378 0x8c04f540 0x8c04fe9e,0x8c04fe9e
88,root:0x8c08231c,1892,66,0x8c08231c,0x8c08231c 0x8c0c1836 0x8c0c1f9c,0x8c0c1836 0x8c0c1f9c
89,root:0x8c06adba,494,15,0x8c06adba,0x8c06adba 0x8c0c66b8,0x8c0c66b8
90,root:0x8c058bf0,182,3,0x8c058bf0,0x8c03dd00 0x8c058bf0,0x8c03dd00
91,root:0x8c098988,78,1,0x8c098988,0x8c098988,
92,root:0x8c059848,78,1,0x8c059848,0x8c059848,
93,root:0x8c04f256,78,1,0x8c04f256,0x8c04f256,
94,root:0x8c080b4a,258,6,0x8c080b4a,0x8c080b4a 0x8c0c66c0,0x8c0c66c0
95,helper:0x8c05c280,488,8,0x8c0381f0 0x8c03834a,0x8c0381f0 0x8c03834a 0x8c05b890 0x8c05bb38 0x8c05c280 0x8c05c2e6,0x8c05b890 0x8c05bb38 0x8c05c280 0x8c05c2e6
96,root:0x8c098a16,256,2,0x8c098a16,0x8c091e7c 0x8c09690a 0x8c096914 0x8c098a16,0x8c091e7c 0x8c09690a 0x8c096914
97,root:0x8c089598,128,3,0x8c089598,0x8c089598,
98,root:0x8c07f1ba,204,4,0x8c07f1ba,0x8c07f1ba 0x8c0c66b8,0x8c0c66b8
99,root:0x8c04f2b0,76,1,0x8c04f2b0,0x8c04f2b0,
100,root:0x8c0c991e,126,3,0x8c0c991e,0x8c0c991e,
101,helper:0x8c0c8d60,528,6,0x8c072efe 0x8c073514 0x8c0c90b8 0x8c0c90ee 0x8c0c92b2 0x8c0c9316,0x8c072efe 0x8c073514 0x8c08e0c8 0x8c0c11f4 0x8c0c66b8 0x8c0c8d60 0x8c0c90b8 0x8c0c90ee 0x8c0c92b2 0x8c0c9316,0x8c08e0c8 0x8c0c11f4 0x8c0c66b8 0x8c0c8d60
102,root:0x8c081b72,298,6,0x8c081b72,0x8c081b72 0x8c081cb2 0x8c0c11f4,0x8c081cb2 0x8c0c11f4
103,helper:0x8c04d62c,396,5,0x8c0505de 0x8c0507ea,0x8c04d62c 0x8c04eebe 0x8c0505de 0x8c0506e4 0x8c0507ea 0x8c0508fc,0x8c04d62c 0x8c04eebe 0x8c0506e4 0x8c0508fc
104,root:0x8c083d1c,74,1,0x8c083d1c,0x8c083d1c,
105,root:0x8c04d4c2,74,1,0x8c04d4c2,0x8c04d4c2,
106,root:0x8c0376e0,74,1,0x8c0376e0,0x8c0376e0,
107,root:0x8c06ad26,122,1,0x8c06ad26,0x8c06ad26 0x8c0c1208,0x8c0c1208
108,helper:0x8c0c61a8,486,6,0x8c09762e 0x8c09a088 0x8c09a570,0x8c06dea4 0x8c09690a 0x8c09762e 0x8c09a088 0x8c09a570 0x8c0c61a8 0x8c0c632e 0x8c0c7c50,0x8c06dea4 0x8c09690a 0x8c0c61a8 0x8c0c632e 0x8c0c7c50
109,helper:0x8c053c30,460,8,0x8c0506f6 0x8c05090e,0x8c04d800 0x8c04d95e 0x8c04db58 0x8c0506f6 0x8c05090e 0x8c053c30,0x8c04d800 0x8c04d95e 0x8c04db58 0x8c053c30
110,helper:0x8c053ca4,960,19,0x8c04e03e 0x8c04e17a 0x8c04e318 0x8c04e8f8,0x8c04c010 0x8c04cece 0x8c04e03e 0x8c04e17a 0x8c04e318 0x8c04e712 0x8c04e8f8 0x8c04f74e 0x8c04fd30 0x8c04fde8 0x8c04fe40 0x8c053ca4,0x8c04c010 0x8c04cece 0x8c04e712 0x8c04f74e 0x8c04fd30 0x8c04fde8 0x8c04fe40 0x8c053ca4
111,root:0x8c05493c,288,2,0x8c05493c,0x8c04b9e4 0x8c054898 0x8c05493c 0x8c054a88 0x8c0554dc,0x8c04b9e4 0x8c054898 0x8c054a88 0x8c0554dc
112,root:0x8c053c44,96,2,0x8c053c44,0x8c053c44,
113,root:0x8c072d1e,262,7,0x8c072d1e,0x8c072d1e 0x8c0c66b8,0x8c0c66b8
114,root:0x8c08211c,404,11,0x8c08211c,0x8c08211c 0x8c083d18 0x8c0c1836,0x8c083d18 0x8c0c1836
115,root:0x8c0a82c8,142,4,0x8c0a82c8,0x8c0a82c8,
116,root:0x8c05e950,142,1,0x8c05e950,0x8c05e950 0x8c05f310 0x8c05f362,0x8c05f362
117,root:0x8c010dde,236,8,0x8c010dde,0x8c010dde,
118,root:0x8c035518,118,1,0x8c035518,0x8c035518 0x8c035a20,0x8c035a20
119,root:0x8c05e86a,228,4,0x8c05e86a,0x8c05e86a 0x8c05ee64 0x8c0644bc,0x8c05ee64 0x8c0644bc
120,root:0x8c088b5c,182,6,0x8c088b5c,0x8c088b5c,
121,helper:0x8c096864,1044,9,0x8c09635a 0x8c0c5f94 0x8c0c61b8 0x8c0c65f0 0x8c0c664c,0x8c020024 0x8c035bc6 0x8c035ce8 0x8c036e78 0x8c036f20 0x8c0371e6 0x8c038cb0 0x8c038fe0 0x8c0406b2 0x8c059ad8 0x8c059f7c 0x8c096248 0x8c09635a 0x8c096864 0x8c0a7f5a 0x8c0a82c0 0x8c0c5c94 0x8c0c5f94 0x8c0c61b8 0x8c0c65f0 0x8c0c664c,0x8c020024 0x8c035bc6 0x8c035ce8 0x8c036e78 0x8c036f20 0x8c0371e6 0x8c038fe0 0x8c0406b2 0x8c059ad8 0x8c059f7c 0x8c096248 0x8c096864 0x8c0a7f5a 0x8c0a82c0 0x8c0c5c94
122,root:0x8c06c63a,156,2,0x8c06c63a,0x8c06c63a 0x8c06c6aa 0x8c0c1208,0x8c0c1208
123,root:0x8c09ff12,374,11,0x8c09ff12,0x8c09ff12 0x8c0c66b8 0x8c0c66d0,0x8c0c66b8 0x8c0c66d0
124,root:0x8c04fbec,154,1,0x8c04fbec,0x8c04c010 0x8c04fbec 0x8c04fe40,0x8c04c010 0x8c04fe40
125,root:0x8c03e510,154,1,0x8c03e510,0x8c03e510 0x8c047400 0x8c0474d0,0x8c047400 0x8c0474d0
126,root:0x8c07f314,132,4,0x8c07f314,0x8c07f314,
127,root:0x8c034f8a,132,2,0x8c034f8a,0x8c034f8a 0x8c043814,0x8c043814
128,root:0x8c05e2f0,66,1,0x8c05e2f0,0x8c05e2f0,
129,root:0x8c039550,66,1,0x8c039550,0x8c039550,
130,root:0x8c05c968,300,2,0x8c05c968,0x8c05ae58 0x8c05c968 0x8c05d1fc 0x8c05d2d0 0x8c05da2e 0x8c066a66,0x8c05ae58 0x8c05d1fc 0x8c05d2d0 0x8c05da2e 0x8c066a66
131,root:0x8c0614ac,234,1,0x8c0614ac,0x8c0614ac 0x8c0620e4 0x8c062bfa 0x8c062c24 0x8c062c4e,0x8c0620e4 0x8c062bfa 0x8c062c24 0x8c062c4e
132,root:0x8c042a48,106,1,0x8c042a48,0x8c036fdc 0x8c042a48,0x8c036fdc
133,root:0x8c045e24,42,0,0x8c045e24,0x8c045e24,
134,helper:0x8c072ec2,708,20,0x8c0730fa 0x8c0731c2 0x8c0732cc 0x8c073696 0x8c0736dc 0x8c07376c 0x8c0737ac,0x8c072ec2 0x8c0730fa 0x8c0731c2 0x8c0732cc 0x8c073696 0x8c0736dc 0x8c07376c 0x8c0737ac 0x8c0c66b8 0x8c0c66d0,0x8c072ec2 0x8c0c66b8 0x8c0c66d0
135,root:0x8c0359b8,104,1,0x8c0359b8,0x8c03550c 0x8c0359b8,0x8c03550c
136,helper:0x8c07a806,706,20,0x8c07a856 0x8c07ac2e 0x8c07add4 0x8c07ae9c 0x8c07af78,0x8c038760 0x8c07a7e8 0x8c07a806 0x8c07a856 0x8c07ac2e 0x8c07add4 0x8c07ae9c 0x8c07af78 0x8c0a7f5a,0x8c038760 0x8c07a7e8 0x8c07a806 0x8c0a7f5a
137,root:0x8c04ba56,144,1,0x8c04ba56,0x8c04b9e4 0x8c04ba56 0x8c0544c8,0x8c04b9e4 0x8c0544c8
138,root:0x8c053978,552,21,0x8c053978,0x8c0441aa 0x8c053978 0x8c053ce4,0x8c0441aa 0x8c053ce4
139,root:0x8c083df4,184,3,0x8c083df4,0x8c083d66 0x8c083df4 0x8c0c11f4,0x8c083d66 0x8c0c11f4
140,root:0x8c0a2f02,102,1,0x8c0a2f02,0x8c0a2a74 0x8c0a2f02,0x8c0a2a74
141,root:0x8c0598a8,262,9,0x8c0598a8,0x8c0598a8 0x8c05da3a,0x8c05da3a
142,helper:0x8c073514,280,4,0x8c073542 0x8c07356e,0x8c073514 0x8c073542 0x8c07356e 0x8c0c11f4 0x8c0c66b8 0x8c0c8d60,0x8c0c11f4 0x8c0c66b8 0x8c0c8d60
143,helper:0x8c080262,180,4,0x8c0802c6 0x8c0803a4,0x8c080262 0x8c0802c6 0x8c0803a4,0x8c080262
144,root:0x8c0a2baa,140,3,0x8c0a2baa,0x8c09571c 0x8c0a2baa,0x8c09571c
145,root:0x8c09a8bc,140,1,0x8c09a8bc,0x8c0968f8 0x8c09a8bc 0x8c0c5c94,0x8c0968f8 0x8c0c5c94
146,root:0x8c04cbcc,60,1,0x8c04cbcc,0x8c04cbcc,
147,root:0x8c07ee90,194,4,0x8c07ee90,0x8c06cc1e 0x8c06cc88 0x8c07ee90,0x8c06cc1e 0x8c06cc88
148,root:0x8c035ee0,232,8,0x8c035ee0,0x8c035ee0 0x8c045ebe,0x8c045ebe
149,root:0x8c09d09e,154,4,0x8c09d09e,0x8c038fe0 0x8c09d09e,0x8c038fe0
150,helper:0x8c072efe,250,3,0x8c072f2c 0x8c072fb0,0x8c072efe 0x8c072f2c 0x8c072fb0 0x8c0c11f4 0x8c0c66b8 0x8c0c8d60,0x8c0c11f4 0x8c0c66b8 0x8c0c8d60
151,root:0x8c0390f0,288,1,0x8c0390f0,0x8c038c40 0x8c038ea0 0x8c038f40 0x8c0390f0 0x8c047540 0x8c05dbac 0x8c05dc30,0x8c038c40 0x8c038ea0 0x8c038f40 0x8c047540 0x8c05dbac 0x8c05dc30
152,root:0x8c055420,172,3,0x8c055420,0x8c04b9e4 0x8c054fa4 0x8c055420,0x8c04b9e4 0x8c054fa4
153,helper:0x8c061e70,210,4,0x8c06117a 0x8c0612ac,0x8c06117a 0x8c0612ac 0x8c061e70 0x8c062dd2,0x8c061e70 0x8c062dd2
154,root:0x8c06b168,286,9,0x8c06b168,0x8c06b168 0x8c0c11f4 0x8c0c66b8,0x8c0c11f4 0x8c0c66b8
155,root:0x8c097942,342,5,0x8c097942,0x8c0968f8 0x8c097942 0x8c0a7ba8 0x8c0a87aa 0x8c0c5c94 0x8c0c74bc 0x8c0c7c50,0x8c0968f8 0x8c0a7ba8 0x8c0a87aa 0x8c0c5c94 0x8c0c7c50
156,helper:0x8c04308c,226,0,0x8c04326c 0x8c0433c6 0x8c0433e0 0x8c04341e 0x8c043440 0x8c04345e 0x8c043472 0x8c04348e 0x8c0434aa,0x8c04308c 0x8c04326c 0x8c0433c6 0x8c0433e0 0x8c04341e 0x8c043440 0x8c04345e 0x8c043472 0x8c04348e 0x8c0434aa,0x8c04308c
157,root:0x8c07fd32,94,1,0x8c07fd32,0x8c07fd32 0x8c0c11f4,0x8c0c11f4
158,root:0x8c085a16,244,3,0x8c085a16,0x8c085a16 0x8c085b0a 0x8c085b48 0x8c0a7442 0x8c0ca326,0x8c085b0a 0x8c085b48 0x8c0a7442 0x8c0ca326
159,root:0x8c04382a,244,1,0x8c04382a,0x8c034800 0x8c035b1c 0x8c043500 0x8c043518 0x8c0435da 0x8c04382a,0x8c034800 0x8c035b1c 0x8c043500 0x8c043518 0x8c0435da
160,root:0x8c0a2804,56,1,0x8c0a2804,0x8c0a2804,
161,root:0x8c06c360,56,1,0x8c06c360,0x8c06c360,
162,root:0x8c05e146,56,1,0x8c05e146,0x8c05e146,
163,root:0x8c010954,56,1,0x8c010954,0x8c010954,
164,root:0x8c0a7f68,186,8,0x8c0a7f68,0x8c0a7f68,
165,root:0x8c05052a,130,3,0x8c05052a,0x8c04eebe 0x8c05052a,0x8c04eebe
166,helper:0x8c064098,92,0,0x8c0641c0 0x8c0641f4,0x8c064098 0x8c0641c0 0x8c0641f4,0x8c064098
167,root:0x8c06a35c,570,25,0x8c06a35c,0x8c06a35c 0x8c0c66c8 0x8c0c66d8,0x8c0c66c8 0x8c0c66d8
168,root:0x8c058d88,146,6,0x8c058d88,0x8c058d88,
169,root:0x8c06ff64,164,3,0x8c06ff64,0x8c06ff64 0x8c072076 0x8c072b02,0x8c072076 0x8c072b02
170,helper:0x8c0c18f6,164,2,0x8c07eafa 0x8c07eb54,0x8c07eafa 0x8c07eb54 0x8c0c1836 0x8c0c18f6,0x8c0c1836 0x8c0c18f6
171,root:0x8c0662dc,182,6,0x8c0662dc,0x8c060d14 0x8c0662dc,0x8c060d14
172,root:0x8c0976a6,362,3,0x8c0976a6,0x8c07aec8 0x8c0968f8 0x8c0976a6 0x8c0a2ed2 0x8c0a7b52 0x8c0a82c0 0x8c0c5c94 0x8c0c600c 0x8c0c66b8,0x8c0968f8 0x8c0a2ed2 0x8c0a7b52 0x8c0a82c0 0x8c0c5c94 0x8c0c600c 0x8c0c66b8
173,root:0x8c07fdf8,72,0,0x8c07fdf8,0x8c07fdf8 0x8c0c11f4,0x8c0c11f4
174,root:0x8c07a80e,54,1,0x8c07a80e,0x8c07a80e,
175,root:0x8c0553cc,54,1,0x8c0553cc,0x8c0553cc,
176,helper:0x8c060d46,848,35,0x8c05d8ee 0x8c05e6b4 0x8c05e728 0x8c063446,0x8c059896 0x8c05c950 0x8c05d8ee 0x8c05e6b4 0x8c05e728 0x8c060d14 0x8c060d46 0x8c063446,0x8c059896 0x8c05c950 0x8c060d14 0x8c060d46
177,helper:0x8c07b728,758,21,0x8c07cbda 0x8c07e1ca,0x8c06d9d4 0x8c07b6f4 0x8c07b71c 0x8c07b728 0x8c07cbda 0x8c07cf10 0x8c07cf3e 0x8c07d214 0x8c07d5b2 0x8c07e1ca 0x8c0c15e8 0x8c0c1fba,0x8c06d9d4 0x8c07b71c 0x8c07b728 0x8c07cf10 0x8c07cf3e 0x8c07d214 0x8c07d5b2 0x8c0c15e8 0x8c0c1fba
178,root:0x8c088dd4,246,12,0x8c088dd4,0x8c088dd4,
179,root:0x8c0a2774,122,1,0x8c0a2774,0x8c038760 0x8c03f2d0 0x8c0a2774,0x8c038760 0x8c03f2d0
180,root:0x8c03b748,122,5,0x8c03b748,0x8c03b748,
181,helper:0x8c0a1282,174,4,0x8c09af72 0x8c09afc6 0x8c09b006,0x8c09af72 0x8c09afc6 0x8c09b006 0x8c0a1282,0x8c0a1282
182,root:0x8c046858,52,1,0x8c046858,0x8c046858,
183,root:0x8c0372e2,52,1,0x8c0372e2,0x8c0372e2,
184,root:0x8c0351e2,86,3,0x8c0351e2,0x8c0351e2,
185,helper:0x8c050c60,206,3,0x8c0431ea 0x8c043290,0x8c043104 0x8c0431ea 0x8c043290 0x8c050c60 0x8c050e8a,0x8c043104 0x8c050c60 0x8c050e8a
186,root:0x8c0554ec,120,1,0x8c0554ec,0x8c04b9e4 0x8c0541ec 0x8c0554ec,0x8c04b9e4 0x8c0541ec
187,helper:0x8c0a2984,204,2,0x8c0a27f4 0x8c0a28dc 0x8c0c7a0e,0x8c0a27f4 0x8c0a28dc 0x8c0a2932 0x8c0a2984 0x8c0c7802 0x8c0c7a0e,0x8c0a2932 0x8c0a2984 0x8c0c7802
188,root:0x8c07ffa0,102,2,0x8c07ffa0,0x8c07ffa0 0x8c0c1208,0x8c0c1208
189,helper:0x8c0423b0,678,15,0x8c042258 0x8c082ca2 0x8c08430e,0x8c042258 0x8c0423b0 0x8c042460 0x8c042490 0x8c0424d0 0x8c0425f0 0x8c042900 0x8c042950 0x8c042960 0x8c042970 0x8c042a40 0x8c082ca2 0x8c083d18 0x8c08430e,0x8c0423b0 0x8c042460 0x8c042490 0x8c0424d0 0x8c0425f0 0x8c042950 0x8c042960 0x8c042970 0x8c042a40 0x8c083d18
190,root:0x8c0364c4,152,5,0x8c0364c4,0x8c0364c4 0x8c0462b0,0x8c0462b0
191,root:0x8c053dda,218,5,0x8c053dda,0x8c053dda 0x8c05492c 0x8c054a88 0x8c054b7c,0x8c05492c 0x8c054a88 0x8c054b7c
192,root:0x8c083eec,284,9,0x8c083eec,0x8c083d66 0x8c083eec 0x8c0c11f4 0x8c0c66b8,0x8c083d66 0x8c0c11f4 0x8c0c66b8
193,helper:0x8c0a2c36,284,4,0x8c0a293a 0x8c0a2a84,0x8c038760 0x8c0395a0 0x8c03e2f0 0x8c03f0e0 0x8c0a293a 0x8c0a2a84 0x8c0a2c36,0x8c038760 0x8c0395a0 0x8c03e2f0 0x8c03f0e0 0x8c0a2c36
194,root:0x8c050a9a,150,3,0x8c050a9a,0x8c04eebe 0x8c050a20 0x8c050a9a,0x8c04eebe 0x8c050a20
195,root:0x8c062ec4,50,1,0x8c062ec4,0x8c062ec4,
196,root:0x8c03b4d0,50,1,0x8c03b4d0,0x8c03b4d0,
197,root:0x8c03b470,50,1,0x8c03b470,0x8c03b470,
198,root:0x8c03523c,50,1,0x8c03523c,0x8c03523c,
199,root:0x8c0a028a,166,4,0x8c0a028a,0x8c0a028a 0x8c0c11f4 0x8c0c1208,0x8c0c11f4 0x8c0c1208
200,helper:0x8c0c182e,2638,23,0x8c07c8cc 0x8c07c8fe 0x8c07c96a 0x8c07f2c4 0x8c07f3e2 0x8c083c86 0x8c083cce 0x8c09575c,0x8c034a3a 0x8c03559a 0x8c036f20 0x8c0371bc 0x8c0377a8 0x8c03780c 0x8c037864 0x8c037882 0x8c038530 0x8c038660 0x8c038700 0x8c038fe0 0x8c0394e0 0x8c039910 0x8c039920 0x8c039be0 0x8c039c10 0x8c039c40 0x8c03aa90 0x8c03ab20 0x8c03b0e0 0x8c03b870 0x8c03e670 0x8c03eca0 0x8c03edf0 0x8c03ee30 0x8c03f510 0x8c03f830 0x8c03ffb0 0x8c042240 0x8c047230 0x8c0472ac 0x8c0472d4 0x8c0510b6 0x8c05bdb6 0x8c05e332 0x8c060d14 0x8c0695fe 0x8c069700 0x8c06b56c 0x8c06dea4 0x8c073840 0x8c07c874 0x8c07c8cc 0x8c07c8fe 0x8c07c96a 0x8c07f2c4 0x8c07f3e2 0x8c07f418 0x8c083c86 0x8c083cce 0x8c09571c 0x8c09575c 0x8c096130 0x8c096136 0x8c09616a 0x8c09664c 0x8c096698 0x8c0967b4 0x8c0968cc 0x8c09efce 0x8c0a0280 0x8c0a036c 0x8c0a03de 0x8c0a11e8 0x8c0a1294 0x8c0a738e 0x8c0c117e 0x8c0c11f4 0x8c0c1208 0x8c0c182e 0x8c0c66b8 0x8c0c66e0 0x8c0c9c20 0x8c0c9c84 0x8c0c9db0,0x8c034a3a 0x8c03559a 0x8c036f20 0x8c0371bc 0x8c037882 0x8c038530 0x8c038660 0x8c038fe0 0x8c039910 0x8c039920 0x8c039be0 0x8c039c10 0x8c039c40 0x8c03aa90 0x8c03ab20 0x8c03b0e0 0x8c03b870 0x8c03e670 0x8c03eca0 0x8c03edf0 0x8c03ee30 0x8c03f510 0x8c03f830 0x8c042240 0x8c0472ac 0x8c0472d4 0x8c0510b6 0x8c05bdb6 0x8c060d14 0x8c0695fe 0x8c069700 0x8c06b56c 0x8c06dea4 0x8c073840 0x8c07c874 0x8c07f418 0x8c09571c 0x8c096130 0x8c096136 0x8c09616a 0x8c09664c 0x8c096698 0x8c0967b4 0x8c0968cc 0x8c09efce 0x8c0a0280 0x8c0a036c 0x8c0a03de 0x8c0a11e8 0x8c0a738e 0x8c0c117e 0x8c0c11f4 0x8c0c1208 0x8c0c182e 0x8c0c66b8 0x8c0c66e0 0x8c0c9c20 0x8c0c9c84 0x8c0c9db0
