entry,fight_hits,boot_hits
0x8c010406,0,0
0x8c010630,0,0
0x8c010954,0,0
0x8c010a9e,0,0
0x8c010dde,0,0
0x8c0349ac,0,0
0x8c034a6e,0,0
0x8c034cec,0,0
0x8c034f8a,0,0
0x8c035026,0,0
0x8c0351e2,0,0
0x8c03523c,1,0
0x8c035270,0,0
0x8c035306,0,0
0x8c035370,0,0
0x8c0353de,0,0
0x8c035438,0,0
0x8c0354a4,0,0
0x8c035518,0,0
0x8c035920,0,0
0x8c0359b8,0,0
0x8c035da6,0,0
0x8c035ee0,0,0
0x8c0364c4,0,0
0x8c036e80,0,0
0x8c0372e2,0,0
0x8c03757c,0,0
0x8c0376e0,0,0
0x8c0381f0,0,0
0x8c03834a,0,0
0x8c0390f0,0,0
0x8c039550,0,0
0x8c039b1a,0,0
0x8c03acf2,0,0
0x8c03b470,0,0
0x8c03b4d0,0,0
0x8c03b748,0,0
0x8c03bbd2,0,0
0x8c03bca8,0,0
0x8c03cf0a,0,0
0x8c03cfaa,0,0
0x8c03e510,0,0
0x8c03f524,0,0
0x8c03f6a2,0,0
0x8c042258,0,0
0x8c042a48,0,0
0x8c0431ea,0,0
0x8c04326c,0,0
0x8c043290,0,0
0x8c0433c6,0,0
0x8c0433e0,0,0
0x8c04341e,0,0
0x8c043440,0,0
0x8c04345e,0,0
0x8c043472,0,0
0x8c04348e,0,0
0x8c0434aa,0,0
0x8c0436de,0,0
0x8c04382a,0,0
0x8c044584,0,0
0x8c0445de,0,0
0x8c04466a,0,0
0x8c0446c4,0,0
0x8c04471e,0,0
0x8c044794,0,0
0x8c0447ee,0,0
0x8c04486a,0,0
0x8c0448d0,0,0
0x8c04492e,0,0
0x8c0449a4,0,0
0x8c0449fe,0,0
0x8c045d5a,0,0
0x8c045dbe,0,0
0x8c045e24,0,0
0x8c046858,0,0
0x8c04ba56,0,0
0x8c04be56,0,0
0x8c04c024,0,0
0x8c04c9ae,0,0
0x8c04cbcc,0,0
0x8c04d020,0,0
0x8c04d4c2,0,0
0x8c04e03e,0,0
0x8c04e17a,0,0
0x8c04e318,0,0
0x8c04e8f8,0,0
0x8c04f256,0,0
0x8c04f2b0,0,0
0x8c04f540,0,0
0x8c04f598,0,0
0x8c04f632,0,0
0x8c04f75e,0,0
0x8c04fb3e,0,0
0x8c04fbec,0,0
0x8c04fc96,0,0
0x8c04fdee,0,0
0x8c050008,0,0
0x8c0503cc,0,0
0x8c050492,0,0
0x8c05052a,0,0
0x8c0505de,0,0
0x8c0506f6,0,0
0x8c0507ea,0,0
0x8c05090e,0,0
0x8c050a9a,0,0
0x8c052f36,0,0
0x8c053078,0,0
0x8c053978,0,0
0x8c053c44,0,0
0x8c053dda,0,0
0x8c053f48,0,0
0x8c0540b0,0,0
0x8c05438e,0,0
0x8c054650,0,0
0x8c05493c,0,0
0x8c0553cc,0,0
0x8c055420,0,0
0x8c0554ec,0,0
0x8c058bf0,0,0
0x8c058d88,0,0
0x8c059848,0,0
0x8c0598a8,0,0
0x8c05a9ba,0,0
0x8c05ad06,0,0
0x8c05c968,0,0
0x8c05d436,0,0
0x8c05d8ee,0,0
0x8c05daa8,0,0
0x8c05dc42,0,0
0x8c05e146,0,0
0x8c05e2f0,0,0
0x8c05e6b4,0,0
0x8c05e728,0,0
0x8c05e86a,0,0
0x8c05e950,0,0
0x8c05e9b8,0,0
0x8c05ec90,0,0
0x8c05f36e,0,0
0x8c05f454,0,0
0x8c05f5e8,0,0
0x8c05f688,0,0
0x8c05f768,0,0
0x8c060fd6,0,0
0x8c06117a,0,0
0x8c0612ac,0,0
0x8c0614ac,0,0
0x8c061682,0,0
0x8c062d70,0,0
0x8c062ec4,5,0
0x8c063446,0,0
0x8c0641c0,0,0
0x8c0641f4,0,0
0x8c0662dc,0,0
0x8c06a35c,0,0
0x8c06ac7a,0,0
0x8c06ad26,0,0
0x8c06adba,0,0
0x8c06b008,0,0
0x8c06b168,0,0
0x8c06b2e2,0,0
0x8c06b472,0,0
0x8c06b878,0,0
0x8c06c360,0,0
0x8c06c63a,0,0
0x8c06c7f2,0,0
0x8c06c970,0,0
0x8c06cb02,0,0
0x8c06ddbc,0,0
0x8c06ff64,0,0
0x8c072d1e,0,0
0x8c072efe,0,0
0x8c072f2c,0,0
0x8c072fb0,0,0
0x8c0730fa,0,0
0x8c0731c2,0,0
0x8c0732cc,0,0
0x8c0733d0,0,0
0x8c073514,0,0
0x8c073542,0,0
0x8c07356e,0,0
0x8c073696,0,0
0x8c0736dc,0,0
0x8c07376c,0,0
0x8c0737ac,0,0
0x8c0737f4,0,0
0x8c07a80e,0,0
0x8c07a856,0,0
0x8c07ac2e,0,0
0x8c07add4,0,0
0x8c07ae9c,0,0
0x8c07af78,0,0
0x8c07b6f4,0,0
0x8c07b784,0,0
0x8c07c8cc,0,0
0x8c07c8fe,0,0
0x8c07c96a,0,0
0x8c07cbda,0,0
0x8c07cf50,0,0
0x8c07e1ca,0,0
0x8c07e294,0,0
0x8c07eafa,0,0
0x8c07eb54,0,0
0x8c07ee90,0,0
0x8c07f1ba,0,0
0x8c07f2c4,0,0
0x8c07f314,0,0
0x8c07f3e2,0,0
0x8c07f722,0,0
0x8c07f894,0,0
0x8c07fd32,0,0
0x8c07fdf8,0,0
0x8c07ffa0,0,0
0x8c0802c6,0,0
0x8c0803a4,0,0
0x8c08084e,0,0
0x8c080b4a,0,0
0x8c080c90,0,0
0x8c080e74,0,0
0x8c081b72,0,0
0x8c081fbe,0,0
0x8c08211c,0,0
0x8c08231c,0,0
0x8c082ba6,0,0
0x8c082ca2,0,0
0x8c083c86,0,0
0x8c083cce,0,0
0x8c083d1c,0,0
0x8c083df4,0,0
0x8c083eec,0,0
0x8c084066,0,0
0x8c0841ee,0,0
0x8c08430e,0,0
0x8c085a16,0,0
0x8c088b5c,0,0
0x8c088dd4,0,0
0x8c089502,0,0
0x8c089598,0,0
0x8c08bfa8,0,0
0x8c094896,0,0
0x8c09575c,0,0
0x8c09635a,0,0
0x8c09762e,0,0
0x8c0976a6,0,0
0x8c097942,0,0
0x8c098988,0,0
0x8c098a16,0,0
0x8c098b40,0,0
0x8c099070,0,0
0x8c0991a2,0,0
0x8c0993e8,0,0
0x8c09a088,0,0
0x8c09a570,0,0
0x8c09a8bc,0,0
0x8c09aa14,0,0
0x8c09af72,0,0
0x8c09afc6,0,0
0x8c09b006,0,0
0x8c09b2a4,0,0
0x8c09b6e4,0,0
0x8c09b982,0,0
0x8c09ce96,0,0
0x8c09cfb6,0,0
0x8c09d09e,0,0
0x8c09ff12,0,0
0x8c0a028a,0,0
0x8c0a13e8,0,0
0x8c0a2774,0,0
0x8c0a27f4,0,0
0x8c0a2804,0,0
0x8c0a283c,0,0
0x8c0a28dc,0,0
0x8c0a293a,0,0
0x8c0a2a84,0,0
0x8c0a2baa,0,0
0x8c0a2e8c,0,0
0x8c0a2f02,0,0
0x8c0a7f68,0,0
0x8c0a82c8,0,0
0x8c0a89c2,0,0
0x8c0a8aca,0,0
0x8c0a9040,0,0
0x8c0a94d4,0,0
0x8c0ab8ac,0,0
0x8c0abc08,0,0
0x8c0b1e0a,0,0
0x8c0b22de,0,0
0x8c0bf07e,0,0
0x8c0c2d10,0,0
0x8c0c4b96,0,0
0x8c0c5f94,0,0
0x8c0c61b8,0,0
0x8c0c65f0,0,0
0x8c0c664c,0,0
0x8c0c7562,0,0
0x8c0c7658,0,0
0x8c0c76d4,0,0
0x8c0c7a0e,0,0
0x8c0c8334,0,0
0x8c0c8e7c,0,0
0x8c0c90b8,0,0
0x8c0c90ee,0,0
0x8c0c92b2,0,0
0x8c0c9316,0,0
0x8c0c991e,0,0
0x8c0c9f62,0,0
0x8c0ca8da,0,0
