addr,name,span
0x8C034800,gdFsGetLE4,-1
0x8C03558E,gdFsCreateDirhn,-1
0x8C03631E,mpdrv_frame_recv_post,22
0x8C0364B8,mpdrv_exit,164
0x8C036602,mpdrv_get_portstatus,14
0x8C03665E,mpdrv_ischanged,16
0x8C03666E,mpdrv_recognize,16
0x8C03667E,mpdrv_timeout,12
0x8C03668A,mpdrv_get_timeout,16
0x8C03669A,mpdrv_swapmode,14
0x8C03671A,mpdrv_optimize,-1
0x8C036C48,_pd_peripheral_error,52
0x8C037240,SFHDS_Init,-1
0x8C038770,texLoadIndexed,84
0x8C038990,kmiConvertUVnum,78
0x8C03B620,nlGetMatrix,52
0x8C03B7E0,nlGetPushedMatrix,28
0x8C03B820,nlGetTranslate,16
0x8C03BD80,nlLoadMatrix,50
0x8C03C4A0,nlPopMatrix,64
0x8C03C4F0,nlPushMatrix,128
0x8C03C6C0,nlRotateAX,44
0x8C03C880,nlRotateAY,40
0x8C03C940,nlRotateAZ,40
0x8C03CB70,nlScale,48
0x8C03CBD0,nlSetTranslate,16
0x8C03CC60,nlTranslate,16
0x8C03CC90,nlTranslateV,20
0x8C03CCB0,nlUnitMatrix,36
0x8C03CCE0,nlUnitRotation,28
0x8C03CD70,nlInnerProduct,24
0x8C03CE90,nlScalor,20
0x8C03CEE0,nlSubVector3op,32
0x8C03D040,nlUnitVector,46
0x8C03D0C0,nlVoidUnitVector,28
0x8C03FFB0,syHwInit2,-1
0x8C042C20,_divls,172
0x8C042CD4,_divlu,160
0x8C042D7C,_modls,192
0x8C042E44,_modlu,176
0x8C042EFC,_quick_evn_mvn,12
0x8C042F08,_quick_odd_mvn,12
0x8C042FA0,_slow_mvn,58
0x8C043064,vsprintf,-1
0x8C043500,gdFsMemcpy,-1
0x8C045EBE,mpdrv_set_end_ns,20
0x8C045EF4,mpdrv_memset_l,22
0x8C046AEE,buStat,-1
0x8C0471D8,buCalcCRC,68
0x8C04A604,_quick_mvn,50
0x8C04A6C8,_fmtout,2004
0x8C04B9E4,memset,-1
0x8C04B9FC,strncpy,52
0x8C04BBE8,buFbrExit,44
0x8C04BC14,buFbrDestroyServer,62
0x8C04BE3C,vmsfs_setretry,8
0x8C04C3A0,vmsfs_c_execcallback,38
0x8C04C3C6,vmsfs_c_progress,34
0x8C04C47C,vmsfs_c_getstate,16
0x8C04C48C,vmsfs_c_setfunc,16
0x8C04C49C,vmsfs_c_setparam,36
0x8C04C5A0,vmsfs_dpf,60
0x8C04C714,vmsfs_init_work_new,60
0x8C04CB5E,vmsfs_isready,58
0x8C04FFCE,ADXSTMF_Destroy,-1
0x8C052F24,_its,286
0x8C05305C,_xti,636
0x8C05339C,_ftod,124
0x8C05342C,strlen,-1
0x8C053D7C,vmsfb_exec,-1
0x8C053DB4,_allzero,-1
0x8C053DD4,_calcnpw,224
0x8C053ED4,_log10,98
0x8C0541EC,_lsfts,86
0x8C054244,_pow5,-1
0x8C054268,_rsfts,94
0x8C0542C8,_sub,126
0x8C054384,_unpack,186
0x8C054454,longjmp,112
0x8C0544C8,setjmp,102
0x8C054544,_divws,72
0x8C054640,_div64,430
0x8C05480C,_duchek,50
0x8C054848,_lsft,78
0x8C054898,_mult64,96
0x8C054908,_mvito4b,-1
0x8C05492C,_power,304
0x8C054A88,_rnd,234
0x8C054B7C,_setsbit,124
0x8C055020,_itod,80
0x8C055074,_ltd,160
0x8C0551C0,_muld,488
0x8C0553C4,_add,62
0x8C055408,_mult,196
0x8C0554DC,_pow10,136
0x8C055578,_rsft,72
0x8C0555C0,_mvsto2b,-1
0x8C05AF5C,kmiConvertUVnum,82
0x8C05BFBE,kmChangeContextDSTBlendMode,198
0x8C05DA2E,kmiAddSysConfigFlag,12
0x8C05DA3A,kmiSetSysConfigFlag,8
0x8C05DB9C,kmiWaitVlank,16
0x8C05E17E,kmSetCullingRegister,28
0x8C05E634,kmResetRenderer,20
0x8C05E6AA,kmSetWaitVsyncCount,10
0x8C05EE34,kmGarbageCollectTexture,-1
0x8C05FC14,kmiReleaseHardware,28
0x8C05FD8C,kmfSetVertexBufferBaseAddress,12
0x8C060D14,kmiWriteRegister,-1
0x8C060F14,mpdrv_swaplong,-1
0x8C06133A,kmiCBalloc,110
0x8C0613BC,kmiABSalloc,62
0x8C061644,kmiFBfreeEx,48
0x8C061998,kmiFBSortQueue,56
0x8C0619D0,kmiFBGarbageCollect,58
0x8C062508,kmytex_FBEnQueueEntry,-1
0x8C063368,kmiWaitForFinishDMA,22
0x8C063418,kmiResetBoard,30
0x8C0A13C2,PP_recvproc,-1
0x8C0C761E,PWDNSReset,-1
